<?xml version="1.0" encoding="UTF-8"?>
<GenRun Id="synth_1" LaunchPart="xc7a35tcpg236-1" LaunchTime="1708838919">
  <File Type="PA-TCL" Name="OTTER_MCU.tcl"/>
  <File Type="RDS-PROPCONSTRS" Name="OTTER_MCU_drc_synth.rpt"/>
  <File Type="REPORTS-TCL" Name="OTTER_MCU_reports.tcl"/>
  <File Type="RDS-RDS" Name="OTTER_MCU.vds"/>
  <File Type="RDS-UTIL" Name="OTTER_MCU_utilization_synth.rpt"/>
  <File Type="RDS-UTIL-PB" Name="OTTER_MCU_utilization_synth.pb"/>
  <File Type="RDS-DCP" Name="OTTER_MCU.dcp"/>
  <File Type="VDS-TIMINGSUMMARY" Name="OTTER_MCU_timing_summary_synth.rpt"/>
  <File Type="VDS-TIMING-PB" Name="OTTER_MCU_timing_summary_synth.pb"/>
  <FileSet Name="sources" Type="DesignSrcs" RelSrcDir="$PSRCDIR/sources_1" RelGenDir="$PGENDIR/sources_1">
    <Filter Type="Srcs"/>
    <File Path="$PSRCDIR/sources_1/imports/imports/grant/controlUnit/controlUnit.srcs/sources_1/imports/grant/alu_immedgen/alu_immedgen.srcs/sources_1/new/alu.sv">
      <FileInfo>
        <Attr Name="ImportPath" Val="$PPRDIR/../otterWrapper/otterWrapper.srcs/sources_1/imports/grant/controlUnit/controlUnit.srcs/sources_1/imports/grant/alu_immedgen/alu_immedgen.srcs/sources_1/new/alu.sv"/>
        <Attr Name="ImportTime" Val="1677827020"/>
        <Attr Name="UsedIn" Val="synthesis"/>
        <Attr Name="UsedIn" Val="implementation"/>
        <Attr Name="UsedIn" Val="simulation"/>
      </FileInfo>
    </File>
    <File Path="$PSRCDIR/sources_1/imports/imports/grant/controlUnit/controlUnit.srcs/sources_1/new/aluMuxSrcA.sv">
      <FileInfo>
        <Attr Name="ImportPath" Val="$PPRDIR/../otterWrapper/otterWrapper.srcs/sources_1/imports/grant/controlUnit/controlUnit.srcs/sources_1/new/aluMuxSrcA.sv"/>
        <Attr Name="ImportTime" Val="1677827178"/>
        <Attr Name="UsedIn" Val="synthesis"/>
        <Attr Name="UsedIn" Val="implementation"/>
        <Attr Name="UsedIn" Val="simulation"/>
      </FileInfo>
    </File>
    <File Path="$PSRCDIR/sources_1/imports/imports/grant/controlUnit/controlUnit.srcs/sources_1/new/aluMuxSrcB.sv">
      <FileInfo>
        <Attr Name="ImportPath" Val="$PPRDIR/../otterWrapper/otterWrapper.srcs/sources_1/imports/grant/controlUnit/controlUnit.srcs/sources_1/new/aluMuxSrcB.sv"/>
        <Attr Name="ImportTime" Val="1678484757"/>
        <Attr Name="UsedIn" Val="synthesis"/>
        <Attr Name="UsedIn" Val="implementation"/>
        <Attr Name="UsedIn" Val="simulation"/>
      </FileInfo>
    </File>
    <File Path="$PSRCDIR/sources_1/imports/imports/grant/memory_branchGen/memory_branchGen.srcs/sources_1/new/branchAddrGen.sv">
      <FileInfo>
        <Attr Name="ImportPath" Val="$PPRDIR/../otterWrapper/otterWrapper.srcs/sources_1/imports/grant/memory_branchGen/memory_branchGen.srcs/sources_1/new/branchAddrGen.sv"/>
        <Attr Name="ImportTime" Val="1675800535"/>
        <Attr Name="UsedIn" Val="synthesis"/>
        <Attr Name="UsedIn" Val="implementation"/>
        <Attr Name="UsedIn" Val="simulation"/>
      </FileInfo>
    </File>
    <File Path="$PSRCDIR/sources_1/imports/imports/grant/memory_branchGen/memory_branchGen.srcs/sources_1/new/branchCondGen.sv">
      <FileInfo>
        <Attr Name="ImportPath" Val="$PPRDIR/../otterWrapper/otterWrapper.srcs/sources_1/imports/grant/memory_branchGen/memory_branchGen.srcs/sources_1/new/branchCondGen.sv"/>
        <Attr Name="ImportTime" Val="1675800693"/>
        <Attr Name="UsedIn" Val="synthesis"/>
        <Attr Name="UsedIn" Val="implementation"/>
        <Attr Name="UsedIn" Val="simulation"/>
      </FileInfo>
    </File>
    <File Path="$PSRCDIR/sources_1/imports/sources_1/new/csr.sv">
      <FileInfo>
        <Attr Name="ImportPath" Val="$PPRDIR/../otterWrapper/otterWrapper.srcs/sources_1/new/csr.sv"/>
        <Attr Name="ImportTime" Val="1678697033"/>
        <Attr Name="UsedIn" Val="synthesis"/>
        <Attr Name="UsedIn" Val="implementation"/>
        <Attr Name="UsedIn" Val="simulation"/>
      </FileInfo>
    </File>
    <File Path="$PSRCDIR/sources_1/imports/sources_1/imports/grant/controlUnit/controlUnit.srcs/sources_1/new/cu_dcdr.sv">
      <FileInfo>
        <Attr Name="ImportPath" Val="$PPRDIR/../otterWrapper/otterWrapper.srcs/sources_1/imports/grant/controlUnit/controlUnit.srcs/sources_1/new/cu_dcdr.sv"/>
        <Attr Name="ImportTime" Val="1678697545"/>
        <Attr Name="UsedIn" Val="synthesis"/>
        <Attr Name="UsedIn" Val="implementation"/>
        <Attr Name="UsedIn" Val="simulation"/>
      </FileInfo>
    </File>
    <File Path="$PSRCDIR/sources_1/new/hazardUnit.sv">
      <FileInfo>
        <Attr Name="UsedIn" Val="synthesis"/>
        <Attr Name="UsedIn" Val="implementation"/>
        <Attr Name="UsedIn" Val="simulation"/>
      </FileInfo>
    </File>
    <File Path="$PSRCDIR/sources_1/imports/imports/grant/controlUnit/controlUnit.srcs/sources_1/imports/grant/alu_immedgen/alu_immedgen.srcs/sources_1/new/immedGen.sv">
      <FileInfo>
        <Attr Name="ImportPath" Val="$PPRDIR/../otterWrapper/otterWrapper.srcs/sources_1/imports/grant/controlUnit/controlUnit.srcs/sources_1/imports/grant/alu_immedgen/alu_immedgen.srcs/sources_1/new/immedGen.sv"/>
        <Attr Name="ImportTime" Val="1675482280"/>
        <Attr Name="UsedIn" Val="synthesis"/>
        <Attr Name="UsedIn" Val="implementation"/>
        <Attr Name="UsedIn" Val="simulation"/>
      </FileInfo>
    </File>
    <File Path="$PSRCDIR/sources_1/imports/imports/grant/controlUnit/controlUnit.srcs/sources_1/imports/grant/program_counter/program_counter.srcs/sources_1/new/mux.sv">
      <FileInfo>
        <Attr Name="ImportPath" Val="$PPRDIR/../otterWrapper/otterWrapper.srcs/sources_1/imports/grant/controlUnit/controlUnit.srcs/sources_1/imports/grant/program_counter/program_counter.srcs/sources_1/new/mux.sv"/>
        <Attr Name="ImportTime" Val="1678483942"/>
        <Attr Name="UsedIn" Val="synthesis"/>
        <Attr Name="UsedIn" Val="implementation"/>
        <Attr Name="UsedIn" Val="simulation"/>
      </FileInfo>
    </File>
    <File Path="$PSRCDIR/sources_1/imports/imports/grant/controlUnit/controlUnit.srcs/sources_1/imports/Downloads/otter_memory_v1_07.sv">
      <FileInfo>
        <Attr Name="ImportPath" Val="$PPRDIR/../otterWrapper/otterWrapper.srcs/sources_1/imports/grant/controlUnit/controlUnit.srcs/sources_1/imports/Downloads/otter_memory_v1_07.sv"/>
        <Attr Name="ImportTime" Val="1705714348"/>
        <Attr Name="UsedIn" Val="synthesis"/>
        <Attr Name="UsedIn" Val="implementation"/>
        <Attr Name="UsedIn" Val="simulation"/>
      </FileInfo>
    </File>
    <File Path="$PSRCDIR/sources_1/imports/imports/grant/controlUnit/controlUnit.srcs/sources_1/imports/grant/program_counter/program_counter.srcs/sources_1/new/programCounter.sv">
      <FileInfo>
        <Attr Name="ImportPath" Val="$PPRDIR/../otterWrapper/otterWrapper.srcs/sources_1/imports/grant/controlUnit/controlUnit.srcs/sources_1/imports/grant/program_counter/program_counter.srcs/sources_1/new/programCounter.sv"/>
        <Attr Name="ImportTime" Val="1674280635"/>
        <Attr Name="UsedIn" Val="synthesis"/>
        <Attr Name="UsedIn" Val="implementation"/>
        <Attr Name="UsedIn" Val="simulation"/>
      </FileInfo>
    </File>
    <File Path="$PSRCDIR/sources_1/imports/imports/grant/controlUnit/controlUnit.srcs/sources_1/imports/new/register_file.sv">
      <FileInfo>
        <Attr Name="ImportPath" Val="$PPRDIR/../otterWrapper/otterWrapper.srcs/sources_1/imports/grant/controlUnit/controlUnit.srcs/sources_1/imports/new/register_file.sv"/>
        <Attr Name="ImportTime" Val="1677122875"/>
        <Attr Name="UsedIn" Val="synthesis"/>
        <Attr Name="UsedIn" Val="implementation"/>
        <Attr Name="UsedIn" Val="simulation"/>
      </FileInfo>
    </File>
    <File Path="$PSRCDIR/sources_1/new/rs1ForwardMux.sv">
      <FileInfo>
        <Attr Name="UsedIn" Val="synthesis"/>
        <Attr Name="UsedIn" Val="implementation"/>
        <Attr Name="UsedIn" Val="simulation"/>
      </FileInfo>
    </File>
    <File Path="$PSRCDIR/sources_1/new/rs2ForwardMux.sv">
      <FileInfo>
        <Attr Name="UsedIn" Val="synthesis"/>
        <Attr Name="UsedIn" Val="implementation"/>
        <Attr Name="UsedIn" Val="simulation"/>
      </FileInfo>
    </File>
    <File Path="$PSRCDIR/sources_1/imports/imports/grant/controlUnit/controlUnit.srcs/sources_1/imports/grant/program_counter/program_counter.srcs/sources_1/new/topLevelPC.sv">
      <FileInfo>
        <Attr Name="ImportPath" Val="$PPRDIR/../otterWrapper/otterWrapper.srcs/sources_1/imports/grant/controlUnit/controlUnit.srcs/sources_1/imports/grant/program_counter/program_counter.srcs/sources_1/new/topLevelPC.sv"/>
        <Attr Name="ImportTime" Val="1678483989"/>
        <Attr Name="UsedIn" Val="synthesis"/>
        <Attr Name="UsedIn" Val="implementation"/>
        <Attr Name="UsedIn" Val="simulation"/>
      </FileInfo>
    </File>
    <File Path="$PSRCDIR/sources_1/imports/imports/grant/controlUnit/controlUnit.srcs/sources_1/new/wdRegFileMux.sv">
      <FileInfo>
        <Attr Name="ImportPath" Val="$PPRDIR/../otterWrapper/otterWrapper.srcs/sources_1/imports/grant/controlUnit/controlUnit.srcs/sources_1/new/wdRegFileMux.sv"/>
        <Attr Name="ImportTime" Val="1678483870"/>
        <Attr Name="UsedIn" Val="synthesis"/>
        <Attr Name="UsedIn" Val="implementation"/>
        <Attr Name="UsedIn" Val="simulation"/>
      </FileInfo>
    </File>
    <File Path="$PSRCDIR/sources_1/imports/imports/OtterPipelineFiles/otter_mcu_pipeline_template_v2.sv">
      <FileInfo>
        <Attr Name="ImportPath" Val="$PPRDIR/../otterWrapper/otterWrapper.srcs/sources_1/imports/OtterPipelineFiles/otter_mcu_pipeline_template_v2.sv"/>
        <Attr Name="ImportTime" Val="1707194770"/>
        <Attr Name="UsedIn" Val="synthesis"/>
        <Attr Name="UsedIn" Val="implementation"/>
        <Attr Name="UsedIn" Val="simulation"/>
      </FileInfo>
    </File>
    <File Path="$PSRCDIR/sources_1/new/decode_forwardMux1.sv">
      <FileInfo>
        <Attr Name="AutoDisabled" Val="1"/>
        <Attr Name="UsedIn" Val="synthesis"/>
        <Attr Name="UsedIn" Val="implementation"/>
        <Attr Name="UsedIn" Val="simulation"/>
      </FileInfo>
    </File>
    <File Path="$PSRCDIR/sources_1/new/decode_forwardMux2.sv">
      <FileInfo>
        <Attr Name="AutoDisabled" Val="1"/>
        <Attr Name="UsedIn" Val="synthesis"/>
        <Attr Name="UsedIn" Val="implementation"/>
        <Attr Name="UsedIn" Val="simulation"/>
      </FileInfo>
    </File>
    <File Path="$PSRCDIR/sources_1/imports/CPE/pipelineNoHazards.mem">
      <FileInfo>
        <Attr Name="ImportPath" Val="$PPRDIR/../../CPE/pipelineNoHazards.mem"/>
        <Attr Name="ImportTime" Val="1707904414"/>
        <Attr Name="UsedIn" Val="synthesis"/>
        <Attr Name="UsedIn" Val="simulation"/>
      </FileInfo>
    </File>
    <File Path="$PSRCDIR/sources_1/imports/CPE/otterPipelineLab3.mem">
      <FileInfo>
        <Attr Name="ImportPath" Val="$PPRDIR/../../CPE/otterPipelineLab3.mem"/>
        <Attr Name="ImportTime" Val="1707893946"/>
        <Attr Name="UsedIn" Val="synthesis"/>
        <Attr Name="UsedIn" Val="simulation"/>
      </FileInfo>
    </File>
    <File Path="$PSRCDIR/sources_1/imports/CPE/forwardingTest.mem">
      <FileInfo>
        <Attr Name="ImportPath" Val="$PPRDIR/../../CPE/forwardingTest.mem"/>
        <Attr Name="ImportTime" Val="1708657585"/>
        <Attr Name="UsedIn" Val="synthesis"/>
        <Attr Name="UsedIn" Val="simulation"/>
      </FileInfo>
    </File>
    <File Path="$PSRCDIR/sources_1/imports/CPE/branchTest.mem">
      <FileInfo>
        <Attr Name="ImportPath" Val="$PPRDIR/../../CPE/branchTest.mem"/>
        <Attr Name="ImportTime" Val="1708670840"/>
        <Attr Name="UsedIn" Val="synthesis"/>
        <Attr Name="UsedIn" Val="simulation"/>
      </FileInfo>
    </File>
    <File Path="$PSRCDIR/sources_1/imports/CPE/branchTest2.mem">
      <FileInfo>
        <Attr Name="ImportPath" Val="$PPRDIR/../../CPE/branchTest2.mem"/>
        <Attr Name="ImportTime" Val="1708675611"/>
        <Attr Name="UsedIn" Val="synthesis"/>
        <Attr Name="UsedIn" Val="simulation"/>
      </FileInfo>
    </File>
    <File Path="$PSRCDIR/sources_1/imports/CPE/loadStall.mem">
      <FileInfo>
        <Attr Name="ImportPath" Val="$PPRDIR/../../CPE/loadStall.mem"/>
        <Attr Name="ImportTime" Val="1708727144"/>
        <Attr Name="UsedIn" Val="synthesis"/>
        <Attr Name="UsedIn" Val="simulation"/>
      </FileInfo>
    </File>
    <File Path="$PSRCDIR/sources_1/imports/CPE/loadStall2.mem">
      <FileInfo>
        <Attr Name="ImportPath" Val="$PPRDIR/../../CPE/loadStall2.mem"/>
        <Attr Name="ImportTime" Val="1708738510"/>
        <Attr Name="UsedIn" Val="synthesis"/>
        <Attr Name="UsedIn" Val="simulation"/>
      </FileInfo>
    </File>
    <File Path="$PSRCDIR/sources_1/imports/CPE/loadStall3.mem">
      <FileInfo>
        <Attr Name="ImportPath" Val="$PPRDIR/../../CPE/loadStall3.mem"/>
        <Attr Name="ImportTime" Val="1708738958"/>
        <Attr Name="UsedIn" Val="synthesis"/>
        <Attr Name="UsedIn" Val="simulation"/>
      </FileInfo>
    </File>
    <File Path="$PSRCDIR/sources_1/imports/CPE/loadTest1.mem">
      <FileInfo>
        <Attr Name="ImportPath" Val="$PPRDIR/../../CPE/loadTest1.mem"/>
        <Attr Name="ImportTime" Val="1708742829"/>
        <Attr Name="UsedIn" Val="synthesis"/>
        <Attr Name="UsedIn" Val="simulation"/>
      </FileInfo>
    </File>
    <File Path="$PSRCDIR/sources_1/imports/CPE/simpleForward.mem">
      <FileInfo>
        <Attr Name="ImportPath" Val="$PPRDIR/../../CPE/simpleForward.mem"/>
        <Attr Name="ImportTime" Val="1708811351"/>
        <Attr Name="UsedIn" Val="synthesis"/>
        <Attr Name="UsedIn" Val="simulation"/>
      </FileInfo>
    </File>
    <File Path="$PSRCDIR/sources_1/imports/CPE/stallLoad1.mem">
      <FileInfo>
        <Attr Name="ImportPath" Val="$PPRDIR/../../CPE/stallLoad1.mem"/>
        <Attr Name="ImportTime" Val="1708823314"/>
        <Attr Name="UsedIn" Val="synthesis"/>
        <Attr Name="UsedIn" Val="simulation"/>
      </FileInfo>
    </File>
    <File Path="$PSRCDIR/sources_1/imports/CPE/branchForward.mem">
      <FileInfo>
        <Attr Name="ImportPath" Val="$PPRDIR/../../CPE/branchForward.mem"/>
        <Attr Name="ImportTime" Val="1708827078"/>
        <Attr Name="UsedIn" Val="synthesis"/>
        <Attr Name="UsedIn" Val="simulation"/>
      </FileInfo>
    </File>
    <File Path="$PSRCDIR/sources_1/imports/CPE/loadBranch.mem">
      <FileInfo>
        <Attr Name="ImportPath" Val="$PPRDIR/../../CPE/loadBranch.mem"/>
        <Attr Name="ImportTime" Val="1708838882"/>
        <Attr Name="UsedIn" Val="synthesis"/>
        <Attr Name="UsedIn" Val="simulation"/>
      </FileInfo>
    </File>
    <Config>
      <Option Name="DesignMode" Val="RTL"/>
      <Option Name="TopModule" Val="OTTER_MCU"/>
    </Config>
  </FileSet>
  <FileSet Name="constrs_in" Type="Constrs" RelSrcDir="$PSRCDIR/constrs_1">
    <Filter Type="Constrs"/>
    <Config>
      <Option Name="ConstrsType" Val="XDC"/>
    </Config>
  </FileSet>
  <FileSet Name="utils" Type="Utils" RelSrcDir="$PSRCDIR/utils_1">
    <Filter Type="Utils"/>
    <Config>
      <Option Name="TopAutoSet" Val="TRUE"/>
    </Config>
  </FileSet>
  <Strategy Version="1" Minor="2">
    <StratHandle Name="Vivado Synthesis Defaults" Flow="Vivado Synthesis 2020"/>
    <Step Id="synth_design"/>
  </Strategy>
</GenRun>
